x,y,layer1,layer2,voltage1,voltage2,current
72.9745,576.632,TOP_LAYER,BOTTOM_LAYER,0.0239537,0.0239538,-0.00018331
72.9745,2190.8,TOP_LAYER,BOTTOM_LAYER,0.0239173,0.0239173,-8.93477e-06
100.534,505.766,TOP_LAYER,BOTTOM_LAYER,0.0239545,0.0239548,-0.000572796
100.534,647.498,TOP_LAYER,BOTTOM_LAYER,0.0239529,0.0239521,0.00138305
100.534,2119.94,TOP_LAYER,BOTTOM_LAYER,0.0239173,0.0239174,-2.44388e-05
100.534,2261.67,TOP_LAYER,BOTTOM_LAYER,0.0239173,0.0239173,1.88456e-07
171.4,478.207,TOP_LAYER,BOTTOM_LAYER,0.0239549,0.0239559,-0.0016976
202.022,546.009,TOP_LAYER,BOTTOM_LAYER,0.0239538,0.0239539,-0.000617201
171.4,675.057,TOP_LAYER,BOTTOM_LAYER,0.0239525,0.0239511,0.00247716
171.4,2092.38,TOP_LAYER,BOTTOM_LAYER,0.0239173,0.0239173,-1.31049e-05
202.022,2160.18,TOP_LAYER,BOTTOM_LAYER,0.0239173,0.0239173,-3.70364e-06
171.4,2289.23,TOP_LAYER,BOTTOM_LAYER,0.0239173,0.0239173,9.35243e-07
242.266,505.766,TOP_LAYER,BOTTOM_LAYER,0.0239547,0.0239554,-0.00124
242.266,647.498,TOP_LAYER,BOTTOM_LAYER,0.0239531,0.0239523,0.00136071
242.266,2119.94,TOP_LAYER,BOTTOM_LAYER,0.0239173,0.0239173,2.23238e-05
242.266,2261.67,TOP_LAYER,BOTTOM_LAYER,0.0239173,0.0239173,6.99805e-06
269.825,576.632,TOP_LAYER,BOTTOM_LAYER,0.0239541,0.0239546,-0.000910001
269.825,2190.8,TOP_LAYER,BOTTOM_LAYER,0.0239173,0.0239173,1.97366e-05
727.304,1263.84,TOP_LAYER,BOTTOM_LAYER,0.0239179,0.0239179,-8.67926e-14
708.801,1993.95,TOP_LAYER,BOTTOM_LAYER,0.0239081,0.0239081,-4.175e-14
1388.79,2012.59,TOP_LAYER,BOTTOM_LAYER,0.0238861,0.0238861,-2.8185e-08
1662.34,991.2,TOP_LAYER,BOTTOM_LAYER,0.0238881,0.0238881,-8.67926e-14
1900.6,2012.59,TOP_LAYER,BOTTOM_LAYER,0.0238861,0.0238861,2.81793e-08
2567.31,2090.56,TOP_LAYER,BOTTOM_LAYER,0.0213816,0.0213816,-4.18147e-15
3275.58,2090.56,TOP_LAYER,BOTTOM_LAYER,0.0190025,0.0190025,-4.18147e-15
3710.77,1747.89,TOP_LAYER,BOTTOM_LAYER,0.0181931,0.0181931,-2.38571e-14
3907.62,1747.89,TOP_LAYER,BOTTOM_LAYER,13.7785,13.7785,6.10743e-12
4098.64,1562.19,TOP_LAYER,BOTTOM_LAYER,13.7789,13.7789,0.035561
4118.33,1522.82,TOP_LAYER,BOTTOM_LAYER,13.7788,13.7787,0.0427753
4118.33,1601.56,TOP_LAYER,BOTTOM_LAYER,13.7791,13.779,0.105905
4118.33,1759.04,TOP_LAYER,BOTTOM_LAYER,13.7788,13.779,-0.119488
4128.09,576.632,TOP_LAYER,BOTTOM_LAYER,0.0329969,0.0323751,1.06894
4138.01,1562.19,TOP_LAYER,BOTTOM_LAYER,13.7789,13.7788,0.0533346
4165.51,1651.41,TOP_LAYER,BOTTOM_LAYER,13.78,13.7794,1.93392
4165.51,1867.95,TOP_LAYER,BOTTOM_LAYER,0,0.00382478,-12.2652
4155.65,505.766,TOP_LAYER,BOTTOM_LAYER,0.033491,0.0329093,1.00011
4155.65,647.498,TOP_LAYER,BOTTOM_LAYER,0.0330337,0.0323374,1.19706
4157.7,1522.82,TOP_LAYER,BOTTOM_LAYER,13.7787,13.7786,0.0557835
4157.7,1759.04,TOP_LAYER,BOTTOM_LAYER,13.7788,13.7789,-0.0591965
4177.38,1483.45,TOP_LAYER,BOTTOM_LAYER,13.7785,13.7785,-0.0145407
4177.38,1562.19,TOP_LAYER,BOTTOM_LAYER,13.7788,13.7787,0.025162
4197.07,1522.82,TOP_LAYER,BOTTOM_LAYER,13.7786,13.7785,0.0584195
4197.07,1601.56,TOP_LAYER,BOTTOM_LAYER,13.779,13.7787,0.156396
4197.07,1759.04,TOP_LAYER,BOTTOM_LAYER,13.7787,13.7788,-0.0432985
4215.69,1423.29,TOP_LAYER,BOTTOM_LAYER,13.7784,13.7784,0.0982258
4216.75,1483.45,TOP_LAYER,BOTTOM_LAYER,13.7784,13.7784,-0.0202835
4216.75,1562.19,TOP_LAYER,BOTTOM_LAYER,13.7786,13.7786,-0.00295986
4216.75,1640.93,TOP_LAYER,BOTTOM_LAYER,13.7789,13.7788,0.0408489
4216.75,1719.67,TOP_LAYER,BOTTOM_LAYER,13.7787,13.7788,-0.0612937
4226.52,478.207,TOP_LAYER,BOTTOM_LAYER,0.0342537,0.0336652,1.0117
4257.14,546.009,TOP_LAYER,BOTTOM_LAYER,0.0336694,0.0335188,0.838677
4226.52,675.057,TOP_LAYER,BOTTOM_LAYER,0.0334485,0.0326955,1.29455
4236.44,1522.82,TOP_LAYER,BOTTOM_LAYER,13.7785,13.7784,0.0620322
4236.44,1601.56,TOP_LAYER,BOTTOM_LAYER,13.7787,13.7786,0.0969889
4236.44,1680.3,TOP_LAYER,BOTTOM_LAYER,13.7788,13.7787,0.0721712
4236.44,1759.04,TOP_LAYER,BOTTOM_LAYER,13.7785,13.7786,-0.0500587
4256.12,1483.45,TOP_LAYER,BOTTOM_LAYER,13.7782,13.7783,-0.0236224
4256.12,1562.19,TOP_LAYER,BOTTOM_LAYER,13.7785,13.7785,-0.0113105
4256.12,1640.93,TOP_LAYER,BOTTOM_LAYER,13.7787,13.7787,0.0192018
4256.12,1719.67,TOP_LAYER,BOTTOM_LAYER,13.7786,13.7787,-0.0606817
4275.81,1522.82,TOP_LAYER,BOTTOM_LAYER,13.7783,13.7782,0.0714686
4275.81,1601.56,TOP_LAYER,BOTTOM_LAYER,13.7786,13.7785,0.0870097
4275.81,1680.3,TOP_LAYER,BOTTOM_LAYER,13.7787,13.7786,0.0420084
4275.81,1759.04,TOP_LAYER,BOTTOM_LAYER,13.7784,13.7785,-0.0495062
4297.38,505.766,TOP_LAYER,BOTTOM_LAYER,0.0344183,0.0339333,0.833791
4297.38,647.498,TOP_LAYER,BOTTOM_LAYER,0.0339284,0.0333087,1.06541
4295.49,1483.45,TOP_LAYER,BOTTOM_LAYER,13.7781,13.7781,-0.0277439
4295.49,1562.19,TOP_LAYER,BOTTOM_LAYER,13.7783,13.7783,-0.00145757
4295.49,1640.93,TOP_LAYER,BOTTOM_LAYER,13.7787,13.7785,0.0833205
4295.49,1719.67,TOP_LAYER,BOTTOM_LAYER,13.7784,13.7785,-0.0623018
4315.18,1522.82,TOP_LAYER,BOTTOM_LAYER,13.7782,13.778,0.0890639
4315.18,1601.56,TOP_LAYER,BOTTOM_LAYER,13.7785,13.7783,0.13023
4315.18,1759.04,TOP_LAYER,BOTTOM_LAYER,13.7783,13.7783,-0.0435864
4324.94,576.632,TOP_LAYER,BOTTOM_LAYER,0.0345849,0.034051,0.917749
4334.86,1483.45,TOP_LAYER,BOTTOM_LAYER,13.7778,13.7779,-0.0319422
4334.86,1562.19,TOP_LAYER,BOTTOM_LAYER,13.7782,13.7781,0.0229326
4354.55,1522.82,TOP_LAYER,BOTTOM_LAYER,13.7779,13.7778,0.116417
4354.55,1601.56,TOP_LAYER,BOTTOM_LAYER,13.7785,13.7781,0.253895
4354.55,1759.04,TOP_LAYER,BOTTOM_LAYER,13.7781,13.7781,-0.0270804
4389.92,1651.41,TOP_LAYER,BOTTOM_LAYER,13.78,13.7788,3.72589
4389.92,1867.95,TOP_LAYER,BOTTOM_LAYER,0,0.00241204,-7.73485
4374.23,1483.45,TOP_LAYER,BOTTOM_LAYER,13.7776,13.7776,-0.0397381
4374.23,1562.19,TOP_LAYER,BOTTOM_LAYER,13.778,13.7779,0.038827
4393.92,1522.82,TOP_LAYER,BOTTOM_LAYER,13.7777,13.7774,0.14518
4393.92,1601.56,TOP_LAYER,BOTTOM_LAYER,13.7785,13.7778,0.4729
4393.92,1759.04,TOP_LAYER,BOTTOM_LAYER,13.7777,13.7777,0.0137959
4413.6,1483.45,TOP_LAYER,BOTTOM_LAYER,13.7772,13.7773,-0.0531608
4413.6,1562.19,TOP_LAYER,BOTTOM_LAYER,13.7775,13.7776,-0.0235889
4433.29,1522.82,TOP_LAYER,BOTTOM_LAYER,13.7773,13.7771,0.152531
4433.29,1601.56,TOP_LAYER,BOTTOM_LAYER,13.7778,13.7773,0.327318
4433.29,1759.04,TOP_LAYER,BOTTOM_LAYER,13.7773,13.7772,0.0291711
4452.97,971.639,TOP_LAYER,BOTTOM_LAYER,13.6833,13.6834,-0.00780288
4452.97,1050.38,TOP_LAYER,BOTTOM_LAYER,13.6834,13.6834,-0.0142078
4452.97,1129.12,TOP_LAYER,BOTTOM_LAYER,13.6837,13.6838,-0.0122869
4452.97,1207.86,TOP_LAYER,BOTTOM_LAYER,13.6841,13.6841,0.00453099
4452.97,1286.6,TOP_LAYER,BOTTOM_LAYER,13.6843,13.6843,0.0220782
4452.97,1483.45,TOP_LAYER,BOTTOM_LAYER,13.7768,13.7769,-0.0666999
4452.97,1562.19,TOP_LAYER,BOTTOM_LAYER,13.777,13.7772,-0.0758739
4452.97,1640.93,TOP_LAYER,BOTTOM_LAYER,13.7773,13.7773,-0.00548346
4452.97,1719.67,TOP_LAYER,BOTTOM_LAYER,13.777,13.7773,-0.142891
4464.71,169.624,TOP_LAYER,BOTTOM_LAYER,0.035767,0.0349461,1.4111
4472.66,1011.01,TOP_LAYER,BOTTOM_LAYER,13.6834,13.6833,0.0114322
4472.66,1089.75,TOP_LAYER,BOTTOM_LAYER,13.6836,13.6835,0.0568244
4472.66,1168.49,TOP_LAYER,BOTTOM_LAYER,13.6839,13.6839,-0.00175519
4472.66,1247.23,TOP_LAYER,BOTTOM_LAYER,13.6842,13.6842,-0.00278542
4472.66,1325.97,TOP_LAYER,BOTTOM_LAYER,13.6844,13.6844,0.00859383
4472.66,1522.82,TOP_LAYER,BOTTOM_LAYER,13.7769,13.7767,0.150164
4472.66,1601.56,TOP_LAYER,BOTTOM_LAYER,13.7772,13.7768,0.221867
4472.66,1680.3,TOP_LAYER,BOTTOM_LAYER,13.7772,13.7768,0.22833
4472.66,1759.04,TOP_LAYER,BOTTOM_LAYER,13.7768,13.7767,0.0719874
4492.34,971.639,TOP_LAYER,BOTTOM_LAYER,13.6833,13.6833,-0.0145647
4492.34,1050.38,TOP_LAYER,BOTTOM_LAYER,13.6834,13.6834,-0.0252632
4492.34,1129.12,TOP_LAYER,BOTTOM_LAYER,13.6837,13.6837,-0.0175391
4492.34,1207.86,TOP_LAYER,BOTTOM_LAYER,13.6841,13.6841,0.00923007
4492.34,1286.6,TOP_LAYER,BOTTOM_LAYER,13.6844,13.6844,0.0389068
4492.34,1483.45,TOP_LAYER,BOTTOM_LAYER,13.7764,13.7766,-0.0772428
4492.34,1562.19,TOP_LAYER,BOTTOM_LAYER,13.7766,13.7767,-0.104167
4492.34,1640.93,TOP_LAYER,BOTTOM_LAYER,13.7767,13.7768,-0.0946431
4492.34,1719.67,TOP_LAYER,BOTTOM_LAYER,13.7765,13.7767,-0.137205
4512.03,1011.01,TOP_LAYER,BOTTOM_LAYER,13.6833,13.6833,0.023055
4512.03,1089.75,TOP_LAYER,BOTTOM_LAYER,13.6836,13.6835,0.0665142
4512.03,1168.49,TOP_LAYER,BOTTOM_LAYER,13.6839,13.6839,0.000657906
4512.03,1247.23,TOP_LAYER,BOTTOM_LAYER,13.6843,13.6843,-0.00612124
4512.03,1325.97,TOP_LAYER,BOTTOM_LAYER,13.6845,13.6845,0.00883093
4512.03,1522.82,TOP_LAYER,BOTTOM_LAYER,13.7764,13.7762,0.146306
4512.03,1601.56,TOP_LAYER,BOTTOM_LAYER,13.7766,13.7763,0.17079
4512.03,1680.3,TOP_LAYER,BOTTOM_LAYER,13.7766,13.7763,0.168712
4512.03,1759.04,TOP_LAYER,BOTTOM_LAYER,13.7763,13.7761,0.135291
4531.71,696.048,TOP_LAYER,BOTTOM_LAYER,13.634,13.634,0.00221384
4531.71,774.788,TOP_LAYER,BOTTOM_LAYER,13.6341,13.6341,0.00331692
4531.71,853.528,TOP_LAYER,BOTTOM_LAYER,13.6341,13.6341,0.0055164
4531.71,971.639,TOP_LAYER,BOTTOM_LAYER,13.6832,13.6832,-0.023085
4531.71,1050.38,TOP_LAYER,BOTTOM_LAYER,13.6833,13.6833,-0.0377862
4531.71,1129.12,TOP_LAYER,BOTTOM_LAYER,13.6837,13.6837,-0.0243305
4531.71,1207.86,TOP_LAYER,BOTTOM_LAYER,13.6841,13.6841,0.0162686
4531.71,1286.6,TOP_LAYER,BOTTOM_LAYER,13.6845,13.6844,0.0686276
4531.71,1483.45,TOP_LAYER,BOTTOM_LAYER,13.776,13.7761,-0.0847976
4531.71,1562.19,TOP_LAYER,BOTTOM_LAYER,13.7761,13.7762,-0.117502
4531.71,1640.93,TOP_LAYER,BOTTOM_LAYER,13.7761,13.7763,-0.120162
4531.71,1719.67,TOP_LAYER,BOTTOM_LAYER,13.776,13.7762,-0.118444
4531.71,1798.41,TOP_LAYER,BOTTOM_LAYER,13.7758,13.7756,0.128981
4531.71,1877.15,TOP_LAYER,BOTTOM_LAYER,13.7757,13.7755,0.10608
4551.4,735.418,TOP_LAYER,BOTTOM_LAYER,13.634,13.634,0.00514127
4551.4,814.158,TOP_LAYER,BOTTOM_LAYER,13.6341,13.6341,0.00555961
4551.4,1011.01,TOP_LAYER,BOTTOM_LAYER,13.6832,13.6831,0.0351086
4551.4,1089.75,TOP_LAYER,BOTTOM_LAYER,13.6835,13.6834,0.0810864
4551.4,1168.49,TOP_LAYER,BOTTOM_LAYER,13.6839,13.6839,0.00604777
4551.4,1247.23,TOP_LAYER,BOTTOM_LAYER,13.6844,13.6844,-0.0023606
4551.4,1325.97,TOP_LAYER,BOTTOM_LAYER,13.6847,13.6847,0.0282595
4551.4,1522.82,TOP_LAYER,BOTTOM_LAYER,13.776,13.7758,0.143104
4551.4,1601.56,TOP_LAYER,BOTTOM_LAYER,13.7761,13.7758,0.147603
4551.4,1680.3,TOP_LAYER,BOTTOM_LAYER,13.7761,13.7759,0.141172
4551.4,1759.04,TOP_LAYER,BOTTOM_LAYER,13.7759,13.7758,0.113578
4551.4,1837.78,TOP_LAYER,BOTTOM_LAYER,13.7757,13.7755,0.146148
4551.4,1916.52,TOP_LAYER,BOTTOM_LAYER,13.7756,13.7754,0.172958
4571.08,696.048,TOP_LAYER,BOTTOM_LAYER,13.6339,13.6339,0.000719338
4571.08,774.788,TOP_LAYER,BOTTOM_LAYER,13.6341,13.6341,0.0055879
4571.08,853.528,TOP_LAYER,BOTTOM_LAYER,13.6341,13.6341,0.00600259
4571.08,971.639,TOP_LAYER,BOTTOM_LAYER,13.6831,13.6831,-0.0330427
4571.08,1050.38,TOP_LAYER,BOTTOM_LAYER,13.6831,13.6832,-0.0530193
4571.08,1129.12,TOP_LAYER,BOTTOM_LAYER,13.6836,13.6837,-0.0340526
4571.08,1207.86,TOP_LAYER,BOTTOM_LAYER,13.6842,13.6841,0.0266697
4571.08,1286.6,TOP_LAYER,BOTTOM_LAYER,13.6847,13.6846,0.121689
4571.08,1483.45,TOP_LAYER,BOTTOM_LAYER,13.7756,13.7757,-0.0906808
4571.08,1562.19,TOP_LAYER,BOTTOM_LAYER,13.7756,13.7758,-0.125067
4571.08,1640.93,TOP_LAYER,BOTTOM_LAYER,13.7756,13.7758,-0.128075
4571.08,1719.67,TOP_LAYER,BOTTOM_LAYER,13.7756,13.7758,-0.112999
4571.08,1798.41,TOP_LAYER,BOTTOM_LAYER,13.7755,13.7756,-0.0718327
4571.08,1877.15,TOP_LAYER,BOTTOM_LAYER,13.7754,13.7754,0.0193675
4571.08,1955.89,TOP_LAYER,BOTTOM_LAYER,13.7755,13.7753,0.0915552
4592.56,553.581,TOP_LAYER,BOTTOM_LAYER,0.0416204,0.0386836,8.64664
4590.77,735.418,TOP_LAYER,BOTTOM_LAYER,13.634,13.634,0.0107747
4590.77,814.158,TOP_LAYER,BOTTOM_LAYER,13.6341,13.6341,0.012003
4590.77,1011.01,TOP_LAYER,BOTTOM_LAYER,13.6831,13.683,0.047206
4590.77,1089.75,TOP_LAYER,BOTTOM_LAYER,13.6834,13.6832,0.0982386
4590.77,1168.49,TOP_LAYER,BOTTOM_LAYER,13.6839,13.6838,0.0164372
4590.77,1247.23,TOP_LAYER,BOTTOM_LAYER,13.6845,13.6845,0.0153212
4590.77,1325.97,TOP_LAYER,BOTTOM_LAYER,13.685,13.6849,0.0870445
4590.77,1522.82,TOP_LAYER,BOTTOM_LAYER,13.7755,13.7753,0.140055
4590.77,1601.56,TOP_LAYER,BOTTOM_LAYER,13.7756,13.7754,0.136312
4590.77,1680.3,TOP_LAYER,BOTTOM_LAYER,13.7756,13.7754,0.127084
4590.77,1759.04,TOP_LAYER,BOTTOM_LAYER,13.7756,13.7754,0.10454
4590.77,1837.78,TOP_LAYER,BOTTOM_LAYER,13.7755,13.7753,0.100629
4590.77,1916.52,TOP_LAYER,BOTTOM_LAYER,13.7754,13.7753,0.116219
4610.45,696.048,TOP_LAYER,BOTTOM_LAYER,13.6337,13.6337,-0.00146158
4610.45,774.788,TOP_LAYER,BOTTOM_LAYER,13.6341,13.6341,0.0129076
4610.45,853.528,TOP_LAYER,BOTTOM_LAYER,13.6342,13.6342,0.0123878
4610.45,971.639,TOP_LAYER,BOTTOM_LAYER,13.6829,13.6829,-0.0448162
4610.45,1050.38,TOP_LAYER,BOTTOM_LAYER,13.6829,13.6831,-0.0731195
4610.45,1129.12,TOP_LAYER,BOTTOM_LAYER,13.6835,13.6836,-0.0498021
4610.45,1207.86,TOP_LAYER,BOTTOM_LAYER,13.6842,13.6842,0.0414741
4610.45,1286.6,TOP_LAYER,BOTTOM_LAYER,13.6851,13.6847,0.220843
4610.45,1483.45,TOP_LAYER,BOTTOM_LAYER,13.7751,13.7753,-0.0964578
4610.45,1562.19,TOP_LAYER,BOTTOM_LAYER,13.7751,13.7753,-0.133567
4610.45,1640.93,TOP_LAYER,BOTTOM_LAYER,13.7751,13.7753,-0.134822
4610.45,1719.67,TOP_LAYER,BOTTOM_LAYER,13.7752,13.7754,-0.111714
4610.45,1798.41,TOP_LAYER,BOTTOM_LAYER,13.7752,13.7753,-0.0739422
4610.45,1877.15,TOP_LAYER,BOTTOM_LAYER,13.7752,13.7753,-0.0221268
4610.45,1955.89,TOP_LAYER,BOTTOM_LAYER,13.7753,13.7752,0.0465342
4630.14,735.418,TOP_LAYER,BOTTOM_LAYER,13.634,13.634,0.0287692
4630.14,814.158,TOP_LAYER,BOTTOM_LAYER,13.6342,13.6342,0.0263786
4630.14,1011.01,TOP_LAYER,BOTTOM_LAYER,13.6829,13.6828,0.0577566
4630.14,1089.75,TOP_LAYER,BOTTOM_LAYER,13.6832,13.683,0.113668
4630.14,1168.49,TOP_LAYER,BOTTOM_LAYER,13.6838,13.6838,0.0337233
4630.14,1247.23,TOP_LAYER,BOTTOM_LAYER,13.6846,13.6845,0.0612689
4630.14,1325.97,TOP_LAYER,BOTTOM_LAYER,13.6855,13.6851,0.238207
4630.14,1522.82,TOP_LAYER,BOTTOM_LAYER,13.7751,13.7749,0.135362
4630.14,1601.56,TOP_LAYER,BOTTOM_LAYER,13.7751,13.7749,0.127913
4630.14,1680.3,TOP_LAYER,BOTTOM_LAYER,13.7751,13.775,0.11787
4630.14,1759.04,TOP_LAYER,BOTTOM_LAYER,13.7752,13.7751,0.0974683
4630.14,1837.78,TOP_LAYER,BOTTOM_LAYER,13.7752,13.7751,0.084327
4630.14,1916.52,TOP_LAYER,BOTTOM_LAYER,13.7752,13.7751,0.09511
4649.82,696.048,TOP_LAYER,BOTTOM_LAYER,13.6338,13.6338,0.0156752
4649.82,774.788,TOP_LAYER,BOTTOM_LAYER,13.6341,13.6341,0.0329966
4649.82,853.528,TOP_LAYER,BOTTOM_LAYER,13.6342,13.6342,0.0250516
4649.82,971.639,TOP_LAYER,BOTTOM_LAYER,13.6826,13.6827,-0.0588873
4649.82,1050.38,TOP_LAYER,BOTTOM_LAYER,13.6827,13.6829,-0.101686
4649.82,1129.12,TOP_LAYER,BOTTOM_LAYER,13.6833,13.6834,-0.0784402
4649.82,1207.86,TOP_LAYER,BOTTOM_LAYER,13.6842,13.6842,0.0596518
4649.82,1286.6,TOP_LAYER,BOTTOM_LAYER,13.6856,13.6849,0.409754
4649.82,1483.45,TOP_LAYER,BOTTOM_LAYER,13.7747,13.7748,-0.103668
4649.82,1562.19,TOP_LAYER,BOTTOM_LAYER,13.7746,13.7748,-0.150078
4649.82,1640.93,TOP_LAYER,BOTTOM_LAYER,13.7746,13.7749,-0.149742
4649.82,1719.67,TOP_LAYER,BOTTOM_LAYER,13.7748,13.775,-0.113631
4649.82,1798.41,TOP_LAYER,BOTTOM_LAYER,13.7749,13.775,-0.0766992
4649.82,1877.15,TOP_LAYER,BOTTOM_LAYER,13.775,13.7751,-0.0386375
4649.82,1955.89,TOP_LAYER,BOTTOM_LAYER,13.7751,13.7751,0.0291096
4669.51,656.678,TOP_LAYER,BOTTOM_LAYER,13.6333,13.6334,-0.03806
4669.51,735.418,TOP_LAYER,BOTTOM_LAYER,13.6341,13.634,0.0811408
4669.51,814.158,TOP_LAYER,BOTTOM_LAYER,13.6343,13.6342,0.0560121
4669.51,1011.01,TOP_LAYER,BOTTOM_LAYER,13.6826,13.6825,0.0632407
4669.51,1089.75,TOP_LAYER,BOTTOM_LAYER,13.6829,13.6828,0.116713
4669.51,1168.49,TOP_LAYER,BOTTOM_LAYER,13.6837,13.6836,0.0572102
4669.51,1247.23,TOP_LAYER,BOTTOM_LAYER,13.6849,13.6846,0.158733
4669.51,1325.97,TOP_LAYER,BOTTOM_LAYER,13.6863,13.6854,0.624051
4669.51,1522.82,TOP_LAYER,BOTTOM_LAYER,13.7746,13.7744,0.125336
4669.51,1601.56,TOP_LAYER,BOTTOM_LAYER,13.7745,13.7744,0.112648
4669.51,1680.3,TOP_LAYER,BOTTOM_LAYER,13.7747,13.7745,0.107082
4669.51,1759.04,TOP_LAYER,BOTTOM_LAYER,13.7749,13.7747,0.090053
4669.51,1837.78,TOP_LAYER,BOTTOM_LAYER,13.775,13.7748,0.0764913
4669.51,1916.52,TOP_LAYER,BOTTOM_LAYER,13.775,13.7749,0.0877493
4689.19,696.048,TOP_LAYER,BOTTOM_LAYER,13.6338,13.6337,0.035107
4689.19,774.788,TOP_LAYER,BOTTOM_LAYER,13.6343,13.6342,0.0198544
4689.19,853.528,TOP_LAYER,BOTTOM_LAYER,13.6343,13.6343,0.00702119
4689.19,971.639,TOP_LAYER,BOTTOM_LAYER,13.6824,13.6825,-0.075384
4689.19,1050.38,TOP_LAYER,BOTTOM_LAYER,13.6824,13.6826,-0.14477
4689.19,1129.12,TOP_LAYER,BOTTOM_LAYER,13.683,13.6832,-0.135316
4689.19,1207.86,TOP_LAYER,BOTTOM_LAYER,13.6842,13.6841,0.072236
4689.19,1286.6,TOP_LAYER,BOTTOM_LAYER,13.6862,13.6851,0.736383
4689.19,1483.45,TOP_LAYER,BOTTOM_LAYER,13.7742,13.7744,-0.113712
4689.19,1562.19,TOP_LAYER,BOTTOM_LAYER,13.7741,13.7743,-0.187268
4689.19,1640.93,TOP_LAYER,BOTTOM_LAYER,13.7741,13.7744,-0.18585
4689.19,1719.67,TOP_LAYER,BOTTOM_LAYER,13.7744,13.7746,-0.119073
4689.19,1798.41,TOP_LAYER,BOTTOM_LAYER,13.7746,13.7748,-0.0769154
4689.19,1877.15,TOP_LAYER,BOTTOM_LAYER,13.7748,13.7749,-0.0439614
4689.19,1955.89,TOP_LAYER,BOTTOM_LAYER,13.775,13.7749,0.0246431
4708.88,499.197,TOP_LAYER,BOTTOM_LAYER,13.6315,13.6318,-0.164059
4708.88,656.678,TOP_LAYER,BOTTOM_LAYER,13.6333,13.6333,-0.0261634
4708.88,735.418,TOP_LAYER,BOTTOM_LAYER,13.6344,13.6341,0.223724
4708.88,814.158,TOP_LAYER,BOTTOM_LAYER,13.6345,13.6343,0.102017
4708.88,1011.01,TOP_LAYER,BOTTOM_LAYER,13.6823,13.6822,0.0573819
4708.88,1089.75,TOP_LAYER,BOTTOM_LAYER,13.6826,13.6825,0.0808536
4708.88,1168.49,TOP_LAYER,BOTTOM_LAYER,13.6835,13.6834,0.0773151
4708.88,1247.23,TOP_LAYER,BOTTOM_LAYER,13.685,13.6846,0.324286
4708.88,1325.97,TOP_LAYER,BOTTOM_LAYER,13.6881,13.6856,1.69079
4708.88,1522.82,TOP_LAYER,BOTTOM_LAYER,13.7741,13.7739,0.102375
4708.88,1601.56,TOP_LAYER,BOTTOM_LAYER,13.774,13.7739,0.0679996
4708.88,1680.3,TOP_LAYER,BOTTOM_LAYER,13.7742,13.7741,0.0858629
4708.88,1759.04,TOP_LAYER,BOTTOM_LAYER,13.7745,13.7744,0.0798161
4708.88,1837.78,TOP_LAYER,BOTTOM_LAYER,13.7747,13.7746,0.0702803
4708.88,1916.52,TOP_LAYER,BOTTOM_LAYER,13.7749,13.7747,0.0846919
4728.56,459.827,TOP_LAYER,BOTTOM_LAYER,13.6316,13.6317,-0.0960746
4728.56,696.048,TOP_LAYER,BOTTOM_LAYER,13.6339,13.6338,0.0854964
4728.56,774.788,TOP_LAYER,BOTTOM_LAYER,13.6345,13.6344,0.0902722
4728.56,853.528,TOP_LAYER,BOTTOM_LAYER,13.6344,13.6344,0.0328578
4728.56,971.639,TOP_LAYER,BOTTOM_LAYER,13.6821,13.6822,-0.092809
4728.56,1050.38,TOP_LAYER,BOTTOM_LAYER,13.682,13.6823,-0.210366
4728.56,1129.12,TOP_LAYER,BOTTOM_LAYER,13.6826,13.6829,-0.253225
4728.56,1207.86,TOP_LAYER,BOTTOM_LAYER,13.684,13.6839,0.0556381
4728.56,1286.6,TOP_LAYER,BOTTOM_LAYER,13.6866,13.6852,0.95691
4728.56,1483.45,TOP_LAYER,BOTTOM_LAYER,13.7738,13.774,-0.127064
4728.56,1562.19,TOP_LAYER,BOTTOM_LAYER,13.7734,13.7738,-0.272208
4728.56,1640.93,TOP_LAYER,BOTTOM_LAYER,13.7735,13.7739,-0.270145
4728.56,1719.67,TOP_LAYER,BOTTOM_LAYER,13.774,13.7742,-0.128018
4728.56,1798.41,TOP_LAYER,BOTTOM_LAYER,13.7744,13.7745,-0.074449
4728.56,1877.15,TOP_LAYER,BOTTOM_LAYER,13.7746,13.7746,-0.0440328
4728.56,1955.89,TOP_LAYER,BOTTOM_LAYER,13.7748,13.7747,0.0252423
4748.25,499.197,TOP_LAYER,BOTTOM_LAYER,13.6314,13.6317,-0.18798
4748.25,656.678,TOP_LAYER,BOTTOM_LAYER,13.6332,13.6332,-0.00497222
4748.25,735.418,TOP_LAYER,BOTTOM_LAYER,13.6353,13.6343,0.661726
4748.25,814.158,TOP_LAYER,BOTTOM_LAYER,13.6347,13.6344,0.16768
4748.25,1011.01,TOP_LAYER,BOTTOM_LAYER,13.682,13.682,0.0315501
4748.25,1089.75,TOP_LAYER,BOTTOM_LAYER,13.682,13.6821,-0.0640635
4748.25,1168.49,TOP_LAYER,BOTTOM_LAYER,13.6832,13.6831,0.0673191
4748.25,1247.23,TOP_LAYER,BOTTOM_LAYER,13.6851,13.6843,0.495277
4748.25,1325.97,TOP_LAYER,BOTTOM_LAYER,13.689,13.6854,2.40056
4748.25,1522.82,TOP_LAYER,BOTTOM_LAYER,13.7736,13.7735,0.052472
4748.25,1601.56,TOP_LAYER,BOTTOM_LAYER,13.7732,13.7733,-0.0737026
4748.25,1680.3,TOP_LAYER,BOTTOM_LAYER,13.7738,13.7737,0.0394786
4748.25,1759.04,TOP_LAYER,BOTTOM_LAYER,13.7742,13.7741,0.0642526
4748.25,1837.78,TOP_LAYER,BOTTOM_LAYER,13.7745,13.7744,0.0630731
4748.25,1916.52,TOP_LAYER,BOTTOM_LAYER,13.7747,13.7745,0.0818049
4767.93,459.827,TOP_LAYER,BOTTOM_LAYER,13.6316,13.6317,-0.112435
4767.93,696.048,TOP_LAYER,BOTTOM_LAYER,13.6343,13.6339,0.254796
4767.93,774.788,TOP_LAYER,BOTTOM_LAYER,13.635,13.6345,0.293905
4767.93,853.528,TOP_LAYER,BOTTOM_LAYER,13.6345,13.6344,0.0767584
4767.93,971.639,TOP_LAYER,BOTTOM_LAYER,13.6818,13.6819,-0.104434
4767.93,1050.38,TOP_LAYER,BOTTOM_LAYER,13.6815,13.6819,-0.297999
4767.93,1129.12,TOP_LAYER,BOTTOM_LAYER,13.6818,13.6826,-0.490462
4767.93,1207.86,TOP_LAYER,BOTTOM_LAYER,13.6836,13.6837,-0.00336706
4767.93,1286.6,TOP_LAYER,BOTTOM_LAYER,13.6857,13.6849,0.587037
4767.93,1483.45,TOP_LAYER,BOTTOM_LAYER,13.7734,13.7736,-0.14031
4767.93,1562.19,TOP_LAYER,BOTTOM_LAYER,13.7726,13.7733,-0.453449
4767.93,1640.93,TOP_LAYER,BOTTOM_LAYER,13.7727,13.7734,-0.451064
4767.93,1719.67,TOP_LAYER,BOTTOM_LAYER,13.7737,13.7739,-0.13663
4767.93,1798.41,TOP_LAYER,BOTTOM_LAYER,13.7741,13.7742,-0.0688843
4767.93,1877.15,TOP_LAYER,BOTTOM_LAYER,13.7744,13.7745,-0.0415801
4767.93,1955.89,TOP_LAYER,BOTTOM_LAYER,13.7746,13.7746,0.0290856
4789.41,553.581,TOP_LAYER,BOTTOM_LAYER,13.629,13.631,-6.00626
4787.62,499.197,TOP_LAYER,BOTTOM_LAYER,13.6314,13.6317,-0.208488
4787.62,656.678,TOP_LAYER,BOTTOM_LAYER,13.6332,13.6331,0.0243687
4787.62,735.418,TOP_LAYER,BOTTOM_LAYER,13.6379,13.6346,2.20474
4787.62,814.158,TOP_LAYER,BOTTOM_LAYER,13.6348,13.6345,0.224802
4787.62,1011.01,TOP_LAYER,BOTTOM_LAYER,13.6817,13.6817,-0.0201508
4787.62,1089.75,TOP_LAYER,BOTTOM_LAYER,13.6808,13.6816,-0.536722
4787.62,1168.49,TOP_LAYER,BOTTOM_LAYER,13.6827,13.6827,-0.00821052
4787.62,1247.23,TOP_LAYER,BOTTOM_LAYER,13.6847,13.6838,0.542508
4787.62,1522.82,TOP_LAYER,BOTTOM_LAYER,13.7731,13.7731,-0.0407724
4787.62,1601.56,TOP_LAYER,BOTTOM_LAYER,13.772,13.7728,-0.537482
4787.62,1680.3,TOP_LAYER,BOTTOM_LAYER,13.7733,13.7734,-0.0490539
4787.62,1759.04,TOP_LAYER,BOTTOM_LAYER,13.7739,13.7739,0.0428167
4787.62,1837.78,TOP_LAYER,BOTTOM_LAYER,13.7743,13.7742,0.0540476
4787.62,1916.52,TOP_LAYER,BOTTOM_LAYER,13.7745,13.7744,0.0770221
4807.3,459.827,TOP_LAYER,BOTTOM_LAYER,13.6316,13.6318,-0.154729
4807.3,696.048,TOP_LAYER,BOTTOM_LAYER,13.6348,13.6339,0.626588
4807.3,774.788,TOP_LAYER,BOTTOM_LAYER,13.6355,13.6345,0.70941
4807.3,853.528,TOP_LAYER,BOTTOM_LAYER,13.6346,13.6344,0.131672
4807.3,971.639,TOP_LAYER,BOTTOM_LAYER,13.6816,13.6817,-0.0494668
4807.3,1050.38,TOP_LAYER,BOTTOM_LAYER,13.6811,13.6816,-0.351866
4807.3,1129.12,TOP_LAYER,BOTTOM_LAYER,13.6809,13.6822,-0.857402
4807.3,1207.86,TOP_LAYER,BOTTOM_LAYER,13.6832,13.6832,-0.0211063
4807.3,1483.45,TOP_LAYER,BOTTOM_LAYER,13.7731,13.7733,-0.139444
4807.3,1562.19,TOP_LAYER,BOTTOM_LAYER,13.7718,13.7729,-0.729691
4807.3,1640.93,TOP_LAYER,BOTTOM_LAYER,13.7719,13.773,-0.727291
4807.3,1719.67,TOP_LAYER,BOTTOM_LAYER,13.7734,13.7736,-0.130315
4807.3,1798.41,TOP_LAYER,BOTTOM_LAYER,13.7739,13.774,-0.0596031
4807.3,1877.15,TOP_LAYER,BOTTOM_LAYER,13.7742,13.7743,-0.0383891
4807.3,1955.89,TOP_LAYER,BOTTOM_LAYER,13.7744,13.7744,0.00586716
4826.99,499.197,TOP_LAYER,BOTTOM_LAYER,13.6316,13.6318,-0.148466
4826.99,656.678,TOP_LAYER,BOTTOM_LAYER,13.6332,13.6332,0.00367149
4826.99,735.418,TOP_LAYER,BOTTOM_LAYER,13.6353,13.6343,0.637872
4826.99,814.158,TOP_LAYER,BOTTOM_LAYER,13.6346,13.6344,0.148447
4826.99,1011.01,TOP_LAYER,BOTTOM_LAYER,13.6814,13.6815,-0.0731348
4826.99,1089.75,TOP_LAYER,BOTTOM_LAYER,13.6779,13.6812,-2.19304
4826.99,1168.49,TOP_LAYER,BOTTOM_LAYER,13.6822,13.6824,-0.132672
4826.99,1522.82,TOP_LAYER,BOTTOM_LAYER,13.7727,13.7729,-0.156711
4826.99,1601.56,TOP_LAYER,BOTTOM_LAYER,13.7692,13.7724,-2.16014
4826.99,1680.3,TOP_LAYER,BOTTOM_LAYER,13.7729,13.7731,-0.159844
4826.99,1759.04,TOP_LAYER,BOTTOM_LAYER,13.7737,13.7737,0.020517
4826.99,1837.78,TOP_LAYER,BOTTOM_LAYER,13.7741,13.774,0.043507
4826.99,1916.52,TOP_LAYER,BOTTOM_LAYER,13.7743,13.7742,0.064888
4846.67,459.827,TOP_LAYER,BOTTOM_LAYER,13.6319,13.632,-0.0469408
4846.67,538.568,TOP_LAYER,BOTTOM_LAYER,13.6319,13.6321,-0.141248
4846.67,617.308,TOP_LAYER,BOTTOM_LAYER,13.6325,13.6327,-0.106234
4846.67,696.048,TOP_LAYER,BOTTOM_LAYER,13.6338,13.6337,0.109358
4846.67,774.788,TOP_LAYER,BOTTOM_LAYER,13.6344,13.6342,0.139244
4846.67,853.528,TOP_LAYER,BOTTOM_LAYER,13.6343,13.6342,0.04894
4846.67,971.639,TOP_LAYER,BOTTOM_LAYER,13.6814,13.6815,-0.060793
4846.67,1050.38,TOP_LAYER,BOTTOM_LAYER,13.6811,13.6814,-0.177303
4846.67,1129.12,TOP_LAYER,BOTTOM_LAYER,13.6813,13.682,-0.455485
4846.67,1207.86,TOP_LAYER,BOTTOM_LAYER,13.682,13.6828,-0.521501
4846.67,1483.45,TOP_LAYER,BOTTOM_LAYER,13.7729,13.7731,-0.0954978
4846.67,1562.19,TOP_LAYER,BOTTOM_LAYER,13.7722,13.7727,-0.318066
4846.67,1640.93,TOP_LAYER,BOTTOM_LAYER,13.7723,13.7728,-0.316128
4846.67,1719.67,TOP_LAYER,BOTTOM_LAYER,13.7733,13.7734,-0.0860443
4846.67,1798.41,TOP_LAYER,BOTTOM_LAYER,13.7738,13.7739,-0.0474662
4846.67,1877.15,TOP_LAYER,BOTTOM_LAYER,13.7741,13.7741,-0.0340512
4846.67,1955.89,TOP_LAYER,BOTTOM_LAYER,13.7743,13.7742,0.0307297
4866.36,499.197,TOP_LAYER,BOTTOM_LAYER,13.6319,13.632,-0.0778848
4866.36,577.938,TOP_LAYER,BOTTOM_LAYER,13.632,13.6323,-0.182734
4866.36,656.678,TOP_LAYER,BOTTOM_LAYER,13.6332,13.6332,0.00161606
4866.36,735.418,TOP_LAYER,BOTTOM_LAYER,13.6343,13.634,0.201679
4866.36,814.158,TOP_LAYER,BOTTOM_LAYER,13.6344,13.6342,0.0779103
4866.36,1011.01,TOP_LAYER,BOTTOM_LAYER,13.6814,13.6815,-0.0742571
4866.36,1089.75,TOP_LAYER,BOTTOM_LAYER,13.6804,13.6814,-0.621912
4866.36,1168.49,TOP_LAYER,BOTTOM_LAYER,13.682,13.6822,-0.13724
4866.36,1522.82,TOP_LAYER,BOTTOM_LAYER,13.7727,13.7728,-0.123256
4866.36,1601.56,TOP_LAYER,BOTTOM_LAYER,13.7716,13.7726,-0.641079
4866.36,1680.3,TOP_LAYER,BOTTOM_LAYER,13.7729,13.7731,-0.122862
4866.36,1759.04,TOP_LAYER,BOTTOM_LAYER,13.7736,13.7736,0.00753748
4866.36,1837.78,TOP_LAYER,BOTTOM_LAYER,13.7739,13.7739,0.0325006
4866.36,1916.52,TOP_LAYER,BOTTOM_LAYER,13.7742,13.7741,0.0589171
4876.12,2190.8,TOP_LAYER,BOTTOM_LAYER,0.00597548,0.00597637,-0.00152593
4886.04,459.827,TOP_LAYER,BOTTOM_LAYER,13.6321,13.6322,-0.0267873
4886.04,538.568,TOP_LAYER,BOTTOM_LAYER,13.6322,13.6323,-0.0553521
4886.04,617.308,TOP_LAYER,BOTTOM_LAYER,13.6327,13.6328,-0.0384094
4886.04,696.048,TOP_LAYER,BOTTOM_LAYER,13.6336,13.6335,0.0407151
4886.04,774.788,TOP_LAYER,BOTTOM_LAYER,13.6341,13.634,0.0561142
4886.04,853.528,TOP_LAYER,BOTTOM_LAYER,13.6341,13.6341,0.0270738
4886.04,971.639,TOP_LAYER,BOTTOM_LAYER,13.6814,13.6815,-0.0269899
4886.04,1050.38,TOP_LAYER,BOTTOM_LAYER,13.6813,13.6814,-0.0759371
4886.04,1129.12,TOP_LAYER,BOTTOM_LAYER,13.6816,13.6819,-0.212038
4886.04,1207.86,TOP_LAYER,BOTTOM_LAYER,13.682,13.6825,-0.367333
4886.04,1483.45,TOP_LAYER,BOTTOM_LAYER,13.7729,13.773,-0.0524753
4886.04,1562.19,TOP_LAYER,BOTTOM_LAYER,13.7725,13.7727,-0.104569
4886.04,1640.93,TOP_LAYER,BOTTOM_LAYER,13.7727,13.7728,-0.103409
4886.04,1719.67,TOP_LAYER,BOTTOM_LAYER,13.7733,13.7733,-0.045932
4886.04,1798.41,TOP_LAYER,BOTTOM_LAYER,13.7737,13.7737,-0.0374537
4886.04,1877.15,TOP_LAYER,BOTTOM_LAYER,13.7739,13.774,-0.034235
4886.04,1955.89,TOP_LAYER,BOTTOM_LAYER,13.7741,13.7741,-0.00805756
4897.78,169.624,TOP_LAYER,BOTTOM_LAYER,0.0361281,0.0357126,0.714278
4903.68,2119.94,TOP_LAYER,BOTTOM_LAYER,0.0059724,0.00596973,0.00458533
4903.68,2261.67,TOP_LAYER,BOTTOM_LAYER,0.00597738,0.00598008,-0.00463593
4905.73,499.197,TOP_LAYER,BOTTOM_LAYER,13.6321,13.6322,-0.037052
4905.73,577.938,TOP_LAYER,BOTTOM_LAYER,13.6324,13.6325,-0.0631435
4905.73,656.678,TOP_LAYER,BOTTOM_LAYER,13.6332,13.6332,0.000919542
4905.73,735.418,TOP_LAYER,BOTTOM_LAYER,13.6339,13.6338,0.0681331
4905.73,814.158,TOP_LAYER,BOTTOM_LAYER,13.6341,13.6341,0.0372945
4905.73,1011.01,TOP_LAYER,BOTTOM_LAYER,13.6814,13.6815,-0.059696
4905.73,1089.75,TOP_LAYER,BOTTOM_LAYER,13.6812,13.6815,-0.196872
4905.73,1168.49,TOP_LAYER,BOTTOM_LAYER,13.682,13.6821,-0.101017
4905.73,1522.82,TOP_LAYER,BOTTOM_LAYER,13.7727,13.7729,-0.0729767
4905.73,1601.56,TOP_LAYER,BOTTOM_LAYER,13.7724,13.7728,-0.218679
4905.73,1680.3,TOP_LAYER,BOTTOM_LAYER,13.773,13.7731,-0.0709352
4905.73,1759.04,TOP_LAYER,BOTTOM_LAYER,13.7735,13.7735,0.000846134
4905.73,1837.78,TOP_LAYER,BOTTOM_LAYER,13.7738,13.7738,0.0201491
4905.73,1916.52,TOP_LAYER,BOTTOM_LAYER,13.774,13.7739,0.0375345
4925.41,459.827,TOP_LAYER,BOTTOM_LAYER,13.6323,13.6323,-0.014455
4925.41,538.568,TOP_LAYER,BOTTOM_LAYER,13.6324,13.6325,-0.0219485
4925.41,617.308,TOP_LAYER,BOTTOM_LAYER,13.6328,13.6329,-0.0138951
4925.41,696.048,TOP_LAYER,BOTTOM_LAYER,13.6334,13.6334,0.0149959
4925.41,774.788,TOP_LAYER,BOTTOM_LAYER,13.6338,13.6338,0.0225021
4925.41,853.528,TOP_LAYER,BOTTOM_LAYER,13.634,13.634,0.0143805
4925.41,971.639,TOP_LAYER,BOTTOM_LAYER,13.6815,13.6815,-0.00510418
4925.41,1050.38,TOP_LAYER,BOTTOM_LAYER,13.6815,13.6815,-0.0284792
4925.41,1129.12,TOP_LAYER,BOTTOM_LAYER,13.6817,13.6819,-0.104387
4925.41,1207.86,TOP_LAYER,BOTTOM_LAYER,13.682,13.6823,-0.26533
4925.41,1483.45,TOP_LAYER,BOTTOM_LAYER,13.7729,13.7729,-0.0191624
4925.41,1562.19,TOP_LAYER,BOTTOM_LAYER,13.7728,13.7729,-0.0630637
4925.41,1640.93,TOP_LAYER,BOTTOM_LAYER,13.7729,13.773,-0.0624133
4925.41,1719.67,TOP_LAYER,BOTTOM_LAYER,13.7733,13.7733,-0.0133349
4925.41,1798.41,TOP_LAYER,BOTTOM_LAYER,13.7736,13.7736,0.00613457
4925.41,1877.15,TOP_LAYER,BOTTOM_LAYER,13.7738,13.7738,0.014237
4925.41,1955.89,TOP_LAYER,BOTTOM_LAYER,13.7739,13.7739,0.025971
4945.1,499.197,TOP_LAYER,BOTTOM_LAYER,13.6323,13.6324,-0.0171032
4945.1,577.938,TOP_LAYER,BOTTOM_LAYER,13.6326,13.6326,-0.0227213
4945.1,656.678,TOP_LAYER,BOTTOM_LAYER,13.6332,13.6332,0.000471304
4945.1,735.418,TOP_LAYER,BOTTOM_LAYER,13.6337,13.6336,0.024234
4945.1,814.158,TOP_LAYER,BOTTOM_LAYER,13.6339,13.6339,0.0172534
4945.1,1011.01,TOP_LAYER,BOTTOM_LAYER,13.6815,13.6815,-0.0409698
4945.1,1089.75,TOP_LAYER,BOTTOM_LAYER,13.6815,13.6816,-0.0628979
4945.1,1168.49,TOP_LAYER,BOTTOM_LAYER,13.682,13.6821,-0.0752263
4945.1,1522.82,TOP_LAYER,BOTTOM_LAYER,13.7728,13.7729,-0.0358444
4945.1,1601.56,TOP_LAYER,BOTTOM_LAYER,13.7728,13.7729,-0.0780503
4945.1,1680.3,TOP_LAYER,BOTTOM_LAYER,13.7731,13.7731,-0.033694
4945.1,1759.04,TOP_LAYER,BOTTOM_LAYER,13.7734,13.7734,-0.00166124
4945.1,1837.78,TOP_LAYER,BOTTOM_LAYER,13.7737,13.7737,0.00923937
4945.1,1916.52,TOP_LAYER,BOTTOM_LAYER,13.7739,13.7739,0.0177729
4964.78,459.827,TOP_LAYER,BOTTOM_LAYER,13.6324,13.6324,-0.00773193
4964.78,538.568,TOP_LAYER,BOTTOM_LAYER,13.6326,13.6326,-0.00900959
4964.78,617.308,TOP_LAYER,BOTTOM_LAYER,13.6329,13.6329,-0.00514974
4964.78,696.048,TOP_LAYER,BOTTOM_LAYER,13.6334,13.6334,0.00562438
4964.78,774.788,TOP_LAYER,BOTTOM_LAYER,13.6337,13.6337,0.00924803
4964.78,853.528,TOP_LAYER,BOTTOM_LAYER,13.6339,13.6338,0.00755306
4964.78,971.639,TOP_LAYER,BOTTOM_LAYER,13.6816,13.6816,-0.0155668
4964.78,1050.38,TOP_LAYER,BOTTOM_LAYER,13.6816,13.6816,-0.0400352
4964.78,1129.12,TOP_LAYER,BOTTOM_LAYER,13.6818,13.6819,-0.0588767
4964.78,1207.86,TOP_LAYER,BOTTOM_LAYER,13.6819,13.6822,-0.152756
4964.78,1483.45,TOP_LAYER,BOTTOM_LAYER,13.7729,13.7729,-0.0114892
4964.78,1562.19,TOP_LAYER,BOTTOM_LAYER,13.7729,13.7729,-0.0249237
4964.78,1640.93,TOP_LAYER,BOTTOM_LAYER,13.773,13.773,-0.0242895
4964.78,1719.67,TOP_LAYER,BOTTOM_LAYER,13.7733,13.7733,-0.00697707
4964.78,1798.41,TOP_LAYER,BOTTOM_LAYER,13.7735,13.7735,0.00182925
4964.78,1877.15,TOP_LAYER,BOTTOM_LAYER,13.7737,13.7737,0.00584315
4964.78,1955.89,TOP_LAYER,BOTTOM_LAYER,13.7738,13.7738,0.00969721
4974.55,2092.38,TOP_LAYER,BOTTOM_LAYER,0.00597296,0.00597193,0.00178391
5005.17,2160.18,TOP_LAYER,BOTTOM_LAYER,0.0059747,0.00597467,0.000196388
4974.55,2289.23,TOP_LAYER,BOTTOM_LAYER,0.00597635,0.0059772,-0.00145075
4984.47,499.197,TOP_LAYER,BOTTOM_LAYER,13.6325,13.6325,-0.00800556
4984.47,577.938,TOP_LAYER,BOTTOM_LAYER,13.6327,13.6327,-0.0085668
4984.47,656.678,TOP_LAYER,BOTTOM_LAYER,13.6331,13.6331,0.000220983
4984.47,735.418,TOP_LAYER,BOTTOM_LAYER,13.6336,13.6335,0.00907313
4984.47,814.158,TOP_LAYER,BOTTOM_LAYER,13.6338,13.6338,0.00803179
4984.47,1011.01,TOP_LAYER,BOTTOM_LAYER,13.6816,13.6816,-0.0226856
4984.47,1089.75,TOP_LAYER,BOTTOM_LAYER,13.6817,13.6817,-0.014557
4984.47,1168.49,TOP_LAYER,BOTTOM_LAYER,13.6819,13.682,-0.0555811
4984.47,1522.82,TOP_LAYER,BOTTOM_LAYER,13.7729,13.7729,-0.0167785
4984.47,1601.56,TOP_LAYER,BOTTOM_LAYER,13.7729,13.7729,-0.0290045
4984.47,1680.3,TOP_LAYER,BOTTOM_LAYER,13.7731,13.7731,-0.0149438
4984.47,1759.04,TOP_LAYER,BOTTOM_LAYER,13.7734,13.7734,-0.00166383
4984.47,1837.78,TOP_LAYER,BOTTOM_LAYER,13.7736,13.7736,0.00383874
4984.47,1916.52,TOP_LAYER,BOTTOM_LAYER,13.7738,13.7738,0.00756996
5004.15,459.827,TOP_LAYER,BOTTOM_LAYER,13.6325,13.6325,-0.00436649
5004.15,538.568,TOP_LAYER,BOTTOM_LAYER,13.6327,13.6327,-0.00406981
5004.15,617.308,TOP_LAYER,BOTTOM_LAYER,13.633,13.633,-0.00206199
5004.15,696.048,TOP_LAYER,BOTTOM_LAYER,13.6333,13.6333,0.0022582
5004.15,774.788,TOP_LAYER,BOTTOM_LAYER,13.6336,13.6336,0.00412272
5004.15,853.528,TOP_LAYER,BOTTOM_LAYER,13.6338,13.6338,0.00417558
5004.15,971.639,TOP_LAYER,BOTTOM_LAYER,13.6816,13.6816,-0.00844451
5004.15,1050.38,TOP_LAYER,BOTTOM_LAYER,13.6816,13.6817,-0.0233004
5004.15,1129.12,TOP_LAYER,BOTTOM_LAYER,13.6818,13.6819,-0.0389131
5004.15,1207.86,TOP_LAYER,BOTTOM_LAYER,13.6819,13.6821,-0.12269
5004.15,1483.45,TOP_LAYER,BOTTOM_LAYER,13.7729,13.7729,-0.00706412
5004.15,1562.19,TOP_LAYER,BOTTOM_LAYER,13.7729,13.773,-0.0104812
5004.15,1640.93,TOP_LAYER,BOTTOM_LAYER,13.7731,13.7731,-0.00991348
5004.15,1719.67,TOP_LAYER,BOTTOM_LAYER,13.7733,13.7733,-0.00354135
5004.15,1798.41,TOP_LAYER,BOTTOM_LAYER,13.7735,13.7735,0.000451046
5004.15,1877.15,TOP_LAYER,BOTTOM_LAYER,13.7737,13.7737,0.00238518
5004.15,1955.89,TOP_LAYER,BOTTOM_LAYER,13.7738,13.7738,0.00325475
5023.84,499.197,TOP_LAYER,BOTTOM_LAYER,13.6326,13.6326,-0.00408916
5023.84,577.938,TOP_LAYER,BOTTOM_LAYER,13.6328,13.6328,-0.0035473
5023.84,656.678,TOP_LAYER,BOTTOM_LAYER,13.6331,13.6331,9.90333e-05
5023.84,735.418,TOP_LAYER,BOTTOM_LAYER,13.6335,13.6335,0.00371439
5023.84,814.158,TOP_LAYER,BOTTOM_LAYER,13.6337,13.6337,0.0040168
5023.84,1011.01,TOP_LAYER,BOTTOM_LAYER,13.6816,13.6816,-0.0131235
5023.84,1089.75,TOP_LAYER,BOTTOM_LAYER,13.6817,13.6817,0.00238794
5023.84,1168.49,TOP_LAYER,BOTTOM_LAYER,13.6819,13.682,-0.0445686
5023.84,1522.82,TOP_LAYER,BOTTOM_LAYER,13.7729,13.7729,-0.00821018
5023.84,1601.56,TOP_LAYER,BOTTOM_LAYER,13.773,13.773,-0.0115128
5023.84,1680.3,TOP_LAYER,BOTTOM_LAYER,13.7732,13.7732,-0.00667938
5023.84,1759.04,TOP_LAYER,BOTTOM_LAYER,13.7734,13.7734,-0.0011825
5023.84,1837.78,TOP_LAYER,BOTTOM_LAYER,13.7736,13.7736,0.00152174
5023.84,1916.52,TOP_LAYER,BOTTOM_LAYER,13.7737,13.7737,0.00301198
5045.42,2119.94,TOP_LAYER,BOTTOM_LAYER,0.00597337,0.00597247,0.00154611
5045.42,2261.67,TOP_LAYER,BOTTOM_LAYER,0.00597552,0.00597595,-0.000738475
5043.52,459.827,TOP_LAYER,BOTTOM_LAYER,13.6326,13.6326,-0.00294085
5043.52,538.568,TOP_LAYER,BOTTOM_LAYER,13.6327,13.6327,-0.00245911
5043.52,617.308,TOP_LAYER,BOTTOM_LAYER,13.633,13.633,-0.00107372
5043.52,696.048,TOP_LAYER,BOTTOM_LAYER,13.6333,13.6333,0.0011551
5043.52,774.788,TOP_LAYER,BOTTOM_LAYER,13.6336,13.6336,0.00237606
5043.52,853.528,TOP_LAYER,BOTTOM_LAYER,13.6337,13.6337,0.00283122
5043.52,971.639,TOP_LAYER,BOTTOM_LAYER,13.6816,13.6816,-0.00627114
5043.52,1050.38,TOP_LAYER,BOTTOM_LAYER,13.6817,13.6817,-0.017139
5043.52,1129.12,TOP_LAYER,BOTTOM_LAYER,13.6819,13.6819,-0.0343496
5043.52,1207.86,TOP_LAYER,BOTTOM_LAYER,13.6819,13.6821,-0.113711
5043.52,1483.45,TOP_LAYER,BOTTOM_LAYER,13.7729,13.7729,-0.00521461
5043.52,1562.19,TOP_LAYER,BOTTOM_LAYER,13.773,13.773,-0.00557374
5043.52,1640.93,TOP_LAYER,BOTTOM_LAYER,13.7731,13.7731,-0.00500725
5043.52,1719.67,TOP_LAYER,BOTTOM_LAYER,13.7733,13.7733,-0.00214673
5043.52,1798.41,TOP_LAYER,BOTTOM_LAYER,13.7735,13.7735,8.12974e-06
5043.52,1877.15,TOP_LAYER,BOTTOM_LAYER,13.7736,13.7736,0.00108942
5043.52,1955.89,TOP_LAYER,BOTTOM_LAYER,13.7737,13.7737,0.000777309
5063.21,499.197,TOP_LAYER,BOTTOM_LAYER,13.6326,13.6326,-0.00278733
5063.21,577.938,TOP_LAYER,BOTTOM_LAYER,13.6328,13.6328,-0.0019396
5063.21,656.678,TOP_LAYER,BOTTOM_LAYER,13.6331,13.6331,4.73995e-05
5063.21,735.418,TOP_LAYER,BOTTOM_LAYER,13.6334,13.6334,0.00196945
5063.21,814.158,TOP_LAYER,BOTTOM_LAYER,13.6337,13.6337,0.00255777
5063.21,1011.01,TOP_LAYER,BOTTOM_LAYER,13.6816,13.6817,-0.00967332
5063.21,1089.75,TOP_LAYER,BOTTOM_LAYER,13.6818,13.6818,0.00715363
5063.21,1168.49,TOP_LAYER,BOTTOM_LAYER,13.6819,13.682,-0.0448085
5063.21,1522.82,TOP_LAYER,BOTTOM_LAYER,13.7729,13.773,-0.00506171
5063.21,1601.56,TOP_LAYER,BOTTOM_LAYER,13.773,13.773,-0.00573622
5063.21,1680.3,TOP_LAYER,BOTTOM_LAYER,13.7732,13.7732,-0.00362335
5063.21,1759.04,TOP_LAYER,BOTTOM_LAYER,13.7734,13.7734,-0.000912135
5063.21,1837.78,TOP_LAYER,BOTTOM_LAYER,13.7736,13.7736,0.000649686
5063.21,1916.52,TOP_LAYER,BOTTOM_LAYER,13.7737,13.7737,0.0012594
5072.97,2190.8,TOP_LAYER,BOTTOM_LAYER,0.00597447,0.00597433,0.000239359
